area,price,bhk,bath,site_location,property_type,balcony
1858.26,165.58,3,4,"Mumbai City,Maharashtra",apartment,0
1439.25,228.09,3,3,"Mumbai City,Maharashtra",house,1
1089.03,151.75,2,1,"Mumbai City,Maharashtra",apartment,1
1065.79,173.79,2,2,"Mumbai City,Maharashtra",apartment,1
1483.89,158.6,3,2,"Mumbai City,Maharashtra",villa,2
1537.57,187.4,3,3,"Mumbai City,Maharashtra",apartment,1
715.52,110.96,1,2,"Mumbai City,Maharashtra",apartment,1
1567.7,180.64,2,3,"Mumbai City,Maharashtra",apartment,2
845.82,149.05,2,1,"Mumbai City,Maharashtra",apartment,2
1424.26,215.21,3,3,"Mumbai City,Maharashtra",apartment,2
